feedback,label
"I love this product!",1
"This is the worst thing I bought.",0
"Absolutely amazing service.",1
"I am not happy with the experience.",0
"Great support team",1
"Terrible customer care.",0
"Best value for money.",1
"I will never buy this again.",0
"Quick delivery and easy return process.",1
"It broke after one use.",0
"Excellent quality and fast shipping.",1
"Poor quality materials and poor design.",0
"Highly recommend to all my friends.",1
"Waste of money and time.",0
"The product exceeded my expectations.",1
"Defective item, very disappointed.",0
"Outstanding customer service experience.",1
"Rude and unhelpful staff members.",0
"Perfect purchase, very satisfied.",1
"Arrived damaged and no resolution.",0
"Love the new design and features.",1
"Doesn't work as advertised at all.",0
"Best buy I made this year.",1
"Completely useless product.",0
"Amazing value and great quality.",1
"Broke down after a few weeks.",0
"Fantastic experience from start to finish.",1
"Would not recommend to anyone.",0
"Brilliant product, highly impressed.",1
"Total scam, avoid at all costs.",0
"Wonderful service and support.",1
"Shocking quality, total waste.",0
"Exceeded all expectations beautifully.",1
"Product is broken right out of box.",0
"Superb craftsmanship and attention to detail.",1
"Inferior compared to competitors.",0
"Delighted with my purchase overall.",1
"Terrible experience I want refund.",0
"Impressive performance and durability.",1
"Completely defective and unreliable.",0
"Five star service throughout.",1
"Absolutely horrible product overall.",0
"Extremely satisfied with results.",1
"Failed within days of purchase.",0
"Professional team very helpful.",1
"Poor design very disappointed.",0
"Wonderful quality and excellent value.",1
"Does not meet expectations at all.",0
"Highly pleased with everything.",1
"Total disappointment very upset.",0
